id,Name,Email,Phonenumber
1,Jennifer Black,james66@example.org,7799958167
3,Kimberly Keller,john10@example.org,2935857671
4,Neil Jackson,robertsjessica@example.com,9790559392
5,Michael Riddle,maryshort@example.org,2779689130
6,Pamela Navarro,dhall@example.net,1381858339
7,David Zhang,harrisshawn@example.org,9404521964
8,Joyce Cox,jennifer39@example.net,5192383433
9,Richard Carr,mendozapeter@example.com,8079988668
10,Janice Franklin,mitchellpatricia@example.net,3946703305
11,Ronald Porter,luis93@example.com,9786863718
12,Timothy Hicks,kevinjames@example.org,4263107860
13,Jessica Fox,laura09@example.com,8221296690
14,Dr. Alex Benson,mejiarichard@example.org,4572297118
15,Andrew Lozano,kwallace@example.org,7593354181
16,Andrew Davis,hmullins@example.net,5008765536
17,Angelica Jordan,kathylevine@example.com,8310582636
18,Michael Carter,millerashley@example.org,5464712500
19,Amanda Taylor,richardsondennis@example.net,3581097474
20,Mark Rodriguez,wwest@example.org,6319668581
21,Kimberly Simpson,brichardson@example.net,8526486405
22,Debbie Hernandez,jeffreysparks@example.net,3995110552
23,Katherine Bowman,john97@example.org,2269531460
24,Shaun Wilkins,coopersarah@example.net,0819962766
25,Daniel Hayes,joseph06@example.net,3808226907
26,Michael Cortez,evansthomas@example.net,3640523888
27,Todd Wright,laura10@example.com,6690413004
28,Madeline Sanchez,knightkristen@example.com,9596333790
29,Dr. James Pearson,jenniferscott@example.org,1379497549
30,James Ellis,fitzgeraldsandra@example.com,2982931768
31,Kristin Parker,jill70@example.org,5626353911
32,Christina Pierce,jeffrey67@example.org,6568512633
33,Larry Lopez,shirleygonzalez@example.net,0369566397
34,Tony Harris,bellandre@example.net,6547673578
35,Anthony Griffith,smithmary@example.org,8978190010
36,Cheryl Anderson,jacob56@example.org,8501396636
37,Jill Christensen,kristinwaters@example.net,8158330121
38,Laura Miller,charlotte56@example.net,0290987622
39,Adam Taylor,megan26@example.org,0624522084
40,Steven Lindsey,aliciastrong@example.net,9197550039
41,Justin Rocha,hensleyrobert@example.com,6596986658
42,Jermaine Griffith,grahamnathaniel@example.com,6896710146
43,Kimberly Fletcher,austinkellie@example.net,6879146427
44,Leslie Mcbride,lindsay95@example.org,3036289282
45,Autumn Gutierrez,daniel70@example.net,2226327541
46,Kathleen Robinson,jessica39@example.net,8929554501
47,David Kennedy,ramospeter@example.net,3199401620
48,Dennis Thomas,pkelley@example.net,4710890196
49,Christopher Terrell,dennisjones@example.com,5674499904
50,John Ellis,snorman@example.net,3934268952
51,James James,butleralicia@example.com,7188021067
52,Heather Randall,johnsonchristopher@example.net,4956929967
53,Monica Blackwell,jessicadavenport@example.com,0349746614
54,Kelly Thomas,katherinehernandez@example.net,2906026817
55,Ashley Hendricks,jsanchez@example.com,8254922384
56,Jason Boyer,munozashley@example.org,2860270872
57,Hannah Medina,cesar76@example.net,5308797736
58,Nathan Buchanan,phogan@example.net,2492372787
59,Benjamin Hutchinson,rochanicholas@example.org,9913521791
60,Lori Anderson,fnguyen@example.org,5982368478
61,Matthew Nguyen,steven30@example.com,9932211353
62,Kelly Lane,hannarandy@example.com,4216215672
63,Michael Robertson,brenttucker@example.org,0585116398
64,Jacob Coleman,christopherfernandez@example.org,8508009125
65,Mr. Michael Thompson,billymorrison@example.net,9075369648
66,Mr. Michael Anderson,xlester@example.com,4771321324
67,Gary Anderson,valerie60@example.net,1398211615
68,John Herrera,marcowilcox@example.org,8771805555
69,Deborah Carter,ericbailey@example.net,2118334411
70,Jessica Bailey,coxpaul@example.net,5578492642
71,Jeffrey Mitchell,davidcoleman@example.org,6068742450
72,Deborah Cobb,wgomez@example.com,4284043462
73,Anthony Smith,monica88@example.org,2573098219
74,James Briggs DDS,wpatel@example.net,2275491169
75,Dana Simon,jeffery92@example.net,2116479458
76,James Scott,valeriewilliams@example.com,2508313403
77,Stephanie Day,elizabeth35@example.com,5461292155
78,Shirley Ramirez,donnablack@example.com,4022686204
79,Deborah Houston,mikayla95@example.com,6854568803
80,Joshua Pierce,zguzman@example.org,0652547011
81,Stacey Foster,cindy91@example.com,4483736251
82,Dominic Clark,newtonalicia@example.org,7575547550
83,Jordan Miles,bbates@example.org,9073231850
84,Mary Ortega,hwalters@example.org,4275267654
85,Rachael Williams,michaelvargas@example.net,7848862400
86,Thomas Higgins,laurenharris@example.net,1150747262
87,Angela Hudson,cooperjodi@example.org,4381854297
88,Frank Perez,brian62@example.org,1180660367
89,Charles Robbins,johnlong@example.net,7647301191
90,Cheryl Glenn,tiffanyconrad@example.org,1202807841
91,Paul Mann,roy36@example.com,1304841900
92,Michelle Vasquez,weavermichael@example.net,1194687579
93,Christie Smith,lori31@example.com,2092981399
94,Kenneth Dougherty,brucehernandez@example.net,8297213989
95,Jacqueline Vincent,mshah@example.org,3816783880
96,Casey Griffin,heathervalentine@example.net,9399895650
97,Dana Mendez,meadowsanthony@example.org,4372525518
98,Mallory Webb,lscott@example.com,1108941257
99,Joshua Singh,tkerr@example.net,7636248515
100,Sean Richardson,angel05@example.com,4105385059
101,Yvonne Vega,kreid@example.net,3411974172
102,Jacob Thomas,kbrown@example.net,7375256106
103,Robert Bartlett,cwells@example.org,1641345997
104,Zachary Vargas,raymondeverett@example.org,5269875322
105,Vickie Perez,christopheredwards@example.com,3618543763
106,Jessica Ramirez,huertaamanda@example.com,5712288221
107,Laura Jones,saramontgomery@example.com,1537490211
108,Cameron Evans,ballardmonica@example.org,9020205780
109,Tyler Robinson,brownclaudia@example.net,8454948780
110,Victor Day,brandon63@example.org,1969389466
111,Steven Pearson,cfisher@example.com,9381620957
112,Jennifer Mooney,mckinneymelissa@example.net,7484190704
113,William Sanders,sarah93@example.com,4479286497
114,Katherine Fleming,carterrichard@example.org,0218130341
115,Alison Stephenson,michaeltorres@example.net,2267769868
116,Jeff Davis,caroline62@example.com,5057360588
117,Yolanda Bridges,garcianatalie@example.org,5839800922
118,Julia Mclaughlin,byrdmichael@example.net,7867811735
119,Carlos Smith,jessicarobertson@example.net,5119861000
120,Deborah Hurley,stevencain@example.net,3203692188
121,Michael Warren DVM,maryrojas@example.org,1054167629
122,Kimberly Williamson,bscott@example.net,1891284477
123,Cassandra Barrera,wrighterin@example.com,1882737524
124,Gabriela Hernandez,mitchelljenna@example.net,7620626856
125,Kevin Espinoza,dominiquerojas@example.org,9786231695
126,Joshua Conrad,mark69@example.org,3095171080
127,Brandy Woods,francisjennifer@example.org,8598033560
128,Michael King,dillon97@example.net,0925023293
129,Andrew Herrera,joelkeller@example.org,5099531820
130,Laura Richard,bethany99@example.net,6892817062
131,Kelly Clark,quinnjamie@example.org,4368914124
132,Shelly Reyes,hollyclements@example.net,4658939200
133,Andrew Livingston,castrohoward@example.net,7106948311
134,Sharon Vargas,james72@example.net,8445514375
135,Elizabeth Chambers,kimberlykelley@example.org,0880615027
136,Ernest Johnson,ywatson@example.com,8420230038
137,David Dunn,ggonzalez@example.org,3994471371
138,Brenda Walker,deborah08@example.net,2392296220
139,Natasha Ross,adamharrison@example.net,3789668493
140,Chad Nolan,nancy18@example.org,5803275585
141,Tanya Anderson,mitchellallen@example.org,3035772408
142,Jillian Murphy,james11@example.net,6749091806
143,Carla Richardson,robinsongarrett@example.com,8568035447
144,Bryce Williams,walterbrittany@example.com,5382471102
145,Jillian Montes,hmorris@example.com,0098107376
146,Marvin Glenn,bwells@example.net,4667412240
147,Larry Schmitt,lauraross@example.com,0836378246
148,Laura Sanchez,brian78@example.com,8155568623
149,Michelle Barker,tiffany54@example.org,5160348669
150,Tim Dean,yrogers@example.net,0580830950
151,James Graham,michael26@example.net,3471782442
152,Jennifer Wright,mferguson@example.net,2577713953
153,Kaitlyn Curry,vward@example.com,1894894000
154,Phillip Quinn,uenglish@example.org,6406017687
155,William Rush,autumndiaz@example.net,5518944459
156,William Walker,grantaaron@example.org,8221684010
157,Shawn Davis,randy64@example.com,9571811372
158,Peggy Harper,vstark@example.org,5267806946
159,Angela Harris,elewis@example.net,9985224150
160,Emma White,robinsonrobert@example.org,8844561462
161,Jim Avila,jerome59@example.net,1474415136
162,Kelli Munoz,lisamantha@example.org,7289043745
163,Kathleen Booth,jacobsonderrick@example.org,5400623914
164,Joe Wright,perryerin@example.org,9515615234
165,Sarah Smith,parkerdana@example.com,7554580807
166,Katherine Turner,kristinalamb@example.net,6391130839
167,Anthony Mills,wilcoxjennifer@example.net,6306648314
168,Christopher Brennan,edwardmckinney@example.net,9398012317
169,Raven Rodriguez,christopher17@example.net,1426064045
170,William Taylor,hawkinsjeremy@example.org,5987733814
171,Donald Cox,collinsomar@example.net,7222986395
172,Cynthia Mooney,cainlisa@example.org,7936120989
173,Tyler Reyes,hansendesiree@example.net,9874974953
174,Kimberly Adams,kdickerson@example.com,1647245403
175,Mark Stone,robert51@example.net,0919544946
176,Karen Cannon,awagner@example.org,2328460189
177,Eric Hanson,morgan13@example.org,5067863390
178,Heather Hubbard,emccoy@example.com,4260656745
179,James Dickerson,danahoffman@example.com,6126244050
180,James Bell,gcarroll@example.com,9261200808
181,Erica Alvarez,josephsandoval@example.com,3302310347
182,Charles Valenzuela,sarah19@example.org,0489959503
183,Joel Wells,william07@example.com,0326439254
184,Richard Smith,quinnerika@example.net,1911452170
185,Mark Carter,janet47@example.org,1951678624
186,Robert Carpenter,patricia13@example.net,2844094815
187,Lori Miller,riosjessica@example.net,9821454405
188,Jillian Carroll,jessicacarpenter@example.org,3627578182
189,Valerie Wood,sandra32@example.net,6490536214
190,Carrie Gomez,kirkmichael@example.org,6949142764
191,Carlos Bentley,sean57@example.com,8672504042
192,Natalie Ramos,frankbrian@example.org,5957552677
193,Matthew Hernandez,edward87@example.com,4625451243
194,Jennifer Greene,jennifer28@example.org,8534556102
195,Michael Ramsey,grantamanda@example.net,0051031047
196,Rebecca Maxwell,brittanyvargas@example.net,8944291917
197,Cody Cole,craigmichelle@example.net,3306202387
198,Ashley Campbell,scarlson@example.net,6201242769
199,Justin Lester DDS,hlee@example.com,3639772248
200,Samantha Kirk,michael57@example.org,7780049350
201,Jordan Perkins,harrisoncassandra@example.com,8802047162
202,Joshua Davis,johnrodriguez@example.org,2220874567
203,Charles Sanchez,john90@example.net,1785142954
204,Catherine Gray,longthomas@example.com,8558977701
205,John Gomez,harrisonjoshua@example.org,4392544155
206,Jennifer Merritt,jackiegalvan@example.net,8818408095
207,Logan Mcdonald,georgekane@example.org,5383956882
208,Eric Powers,fcurry@example.net,2271461232
209,Paula Randall,jeanette75@example.com,8089501348
210,Levi Zavala,tbailey@example.org,5041414264
211,Matthew Garrison,morrisbrianna@example.org,1068298559
212,Angela Miller,matthewgardner@example.com,5820391759
213,Daniel Wallace,kbailey@example.net,9419116270
214,Patty Parker,meghanjohns@example.com,2613546105
215,Jonathan Roberts,sarah46@example.net,2961468721
216,Jordan Mclaughlin,jennifer33@example.org,8717678190
217,Mary Melton,tinajones@example.net,2636627667
218,Shawn Taylor,dreed@example.org,1486689581
219,Angel Meyers,benjamin07@example.org,1705559682
220,Courtney Campbell,kenneth53@example.com,1881111425
221,Natasha Lee,sue89@example.com,3867864882
222,Amanda Olson,marissa07@example.net,2423549310
223,Rebekah Long,jean50@example.com,0179853924
224,Scott Levy,robert49@example.net,2259004261
225,David Garza,justin14@example.com,7771133780
226,Shaun Phillips,burnsalejandro@example.net,8355128712
227,Laura Mathis,paige39@example.net,3374528728
228,Amy Singleton,ayalanatalie@example.org,1326753837
229,Scott Tucker,sfarrell@example.org,6862647282
230,Michael Kerr MD,smithscott@example.net,8111852066
231,Valerie Anderson,maryking@example.net,3571257631
232,Tammy Wood,murrayelizabeth@example.com,9021413761
233,Rhonda Snyder,michaelandrade@example.net,3455329396
234,Teresa Kent,clarklucas@example.org,0225597997
235,Matthew Dodson,wooderin@example.net,8981424650
236,Brenda Smith,erindavis@example.com,2339872722
237,Scott Parks,rubendunlap@example.org,5876552348
238,Daniel Jackson,fullerronald@example.com,9126104872
239,Derek White,brivera@example.net,6493778632
240,Alyssa Moreno,bonnie05@example.net,1344181115
241,Theresa Oconnor,rhondaoconnor@example.net,5876416415
242,Joan Henderson,rogervaughn@example.org,8008206180
243,Justin Ferguson,amy76@example.net,9576802679
244,Barbara Vincent,nathanochoa@example.org,9927172370
245,Charlene Chambers,dakota08@example.org,4642885115
246,Sharon Tucker,alyssaparker@example.org,5589482767
247,Leonard Everett,jimmy99@example.net,6412566785
248,Alvin Clark,jenniferweaver@example.org,8521071431
249,Heather Glass,jmoody@example.com,2429267746
250,Ross Lloyd,bdavis@example.net,4468903346
251,Sierra Hester,meredith08@example.org,5668315548
252,Alexandria Watson,kimmartin@example.com,7110077374
253,Robert Simpson,brandon14@example.org,8832900999
254,Vicki James,shieldsrichard@example.net,7172438206
255,Samantha Giles,evansnicole@example.org,5146260149
256,Lance James,brownchristopher@example.com,8221864284
257,Peter Jones,jasonyoung@example.com,3374325145
258,Mr. Gabriel White,fcunningham@example.net,9473224867
259,Derek Medina,melindapalmer@example.com,1623667533
260,Jennifer James,reesetaylor@example.net,7790706718
261,David Walker,morganreynolds@example.com,6356088661
262,Denise Medina,wgarza@example.org,9308528748
263,Justin Hudson,mccannjoshua@example.net,1553414257
264,Nathaniel Brennan,iknight@example.org,7489272410
265,Alan Rodriguez,sallygutierrez@example.net,6340502799
266,Thomas Carpenter,lgreen@example.org,3383368316
267,Kayla Patterson,sarahhill@example.net,2573115420
268,Corey Gordon,esoto@example.net,2838021230
269,Jason Li,fyoung@example.com,4359850099
270,Debbie Mclaughlin,nelsonshane@example.com,8659221542
271,Samuel King,fvang@example.org,3945460330
272,Charles Gordon,clarkdwayne@example.com,1027005075
273,April Morrow,kellylori@example.org,0418698403
274,Margaret Nguyen,john24@example.com,1895745824
275,Robert Smith,craig19@example.org,4224266241
276,Jasmine Munoz,xgriffin@example.net,6068516166
277,Mikayla Townsend,bguerrero@example.net,4772421215
278,Hannah Montoya,anthonyparker@example.org,0908028488
279,Jeffrey Thomas,thomasamy@example.com,7256405878
280,Bradley Smith,ballkelsey@example.org,7399824491
281,Ronald Taylor,bglover@example.com,7009755384
282,Laura Curry,whiteadam@example.com,7790262501
283,Robert Wilson,cory30@example.com,4650962103
284,Jessica Wilson,vthornton@example.org,4733188400
285,Deborah Montoya,goneal@example.net,0032820057
286,Mary Nguyen,jking@example.com,9003437115
287,Alicia Mcclain,ambergregory@example.com,0082099399
288,Jose Hall,vthompson@example.org,2890770970
289,Tammy Smith,aaronphillips@example.org,4745236545
290,Richard Cruz,mirandavelez@example.org,2906849223
291,Darrell Morris,evansryan@example.com,4281918873
292,Jonathan Roberts,wholmes@example.net,4216629163
293,Alexis Gonzales,jacobscott@example.net,7377820297
294,Jon Shelton,alexisnelson@example.net,4582524700
295,Jeffrey Rogers,qlong@example.org,5260745788
296,Katie Elliott DVM,kathleen63@example.net,2231363766
297,Julie Holder,wanda16@example.com,1027120262
298,Ana Baker,mtownsend@example.org,5629397850
299,Thomas Shaw,shelly39@example.net,6295685962
300,Nicole Holmes,joshua24@example.net,8836190535
301,Bradley Richards,colemandavid@example.org,3793925537
302,James Ramirez,daniel74@example.net,5186315517
303,Robert Griffin,kevin82@example.net,8000722326
304,Michelle Mccormick,leahgolden@example.com,7136469793
305,Ronald Medina,tpark@example.org,2139576363
306,Anthony Newman,scross@example.com,6192647104
307,Luis Welch II,cory86@example.net,1271067142
308,Adam Cooper,kendrabrown@example.com,4866557501
309,Dawn Schwartz,christina96@example.org,8371958107
310,Nicholas Smith,collinsdylan@example.com,2577393338
311,Sandra Munoz,monique17@example.com,7304672596
312,Jason Caldwell,nfarrell@example.org,4447067852
313,William Lewis,ebarker@example.org,5984552732
314,Cassidy Bruce,huberjessica@example.org,2972823474
315,Alexa Elliott,robert26@example.com,6495990129
316,Melanie Williams,ycox@example.org,9202049434
317,Spencer Clark,lisa96@example.com,1101019222
318,Timothy Sanchez,timothylozano@example.org,0411867881
319,Tara Peterson,diazkimberly@example.com,7240053880
320,Dennis Pierce,perkinsstephanie@example.net,1299380641
321,Andrew Petersen,nunezdavid@example.com,5141183469
322,Julie Coleman,amberflores@example.com,7217212620
323,Lisa Meza,seth58@example.com,1048251510
324,Christian Black,steven58@example.org,2805283682
325,Dawn Durham,kevin69@example.com,5033450519
326,Nancy Harris,gainesscott@example.com,1072577149
327,Cassandra Lopez,oward@example.com,4040852087
328,Michael Lopez,eshaw@example.org,0115072807
329,Jessica Solis,craigluke@example.net,2739212297
330,Joshua Morse,davidclark@example.com,1929441569
331,Joseph Wiley,andrew01@example.com,6674512968
332,Lydia Mitchell,patrick22@example.net,6044308513
333,Jonathan Day,amiller@example.org,5075712392
334,Rhonda Mooney,robyn78@example.com,9447696231
335,Nicole Cunningham,gary50@example.net,7566536791
336,Eric Fisher,crystalruiz@example.net,1616868938
337,Debra Mcclain,fthompson@example.net,9160180766
338,Leslie Golden,matthew82@example.net,7343608915
339,Ann Scott,westholly@example.net,3810351922
340,Tammy Carroll,crystalgreen@example.com,4946569940
341,Kelly Bryant,middletonryan@example.net,5778944169
342,Patricia Thomas,joseaguirre@example.com,4023820993
343,Ian Marks,fmolina@example.net,1769942596
344,Laura Frye,milesjoseph@example.net,1797747032
345,Stephanie Mitchell,kimjon@example.net,8686975687
346,Isabel Reynolds,jonesdavid@example.net,7853421919
347,Wendy Arnold,christopher47@example.org,5389991648
348,Edward Miller,collinstina@example.org,9870745790
349,Robert Payne,gomezmichael@example.net,3407885213
350,Samantha Foster,deborahmartin@example.org,8942128737
351,Gregory Estrada,melissashaw@example.org,5750662816
352,Lori Castaneda,michaeljones@example.org,8685319169
353,Stephen Lyons,williamsonerin@example.net,5474882982
354,Susan Benjamin,anthony01@example.com,5538780756
355,Jacob Harris,wmurillo@example.com,2911764441
356,Dillon Edwards,pricemelissa@example.net,0316018359
357,Randy Curry,lauraglover@example.org,2420348432
358,Alexa Martinez,kaufmancharles@example.net,4908889322
359,David Martin,wstephens@example.com,8295994348
360,Samantha Young,kwalker@example.com,4869731135
361,Jeffrey Adams,michael20@example.com,6358352320
362,Jeremy Mills,robertsbilly@example.com,2382351935
363,Larry King,michael34@example.org,4594481720
364,Christopher Moore,colemanisaac@example.com,6362804833
365,Sharon Drake,scottwarren@example.net,4380554253
366,Tyrone Berg,misty69@example.com,5000689017
367,Kevin Perry,cwilliams@example.com,5810400356
368,Dr. Nicholas Barrett,kenneth93@example.org,2577653728
369,Mario Johnson,garciajason@example.org,3465054344
370,Timothy Walsh,byrdmarcus@example.net,8813043334
371,Michele Mathews,ehill@example.net,9720192243
372,Linda Parks,zunigaadrian@example.com,4373876708
373,Eric Atkinson,christopher61@example.net,0905867036
374,David Meyer,alan23@example.org,6150290729
375,Jeremy Mathews,richardbarajas@example.org,2306191418
376,John Gonzalez MD,kristabaker@example.org,8852992302
377,Melinda Espinoza,becky05@example.org,8295235536
378,Jennifer Clark,tylerwolfe@example.net,4461952718
379,Connor Harper,mooremark@example.com,3281525153
380,Stephen Hayes,mperez@example.com,7716363735
381,Roger Diaz,elizabeth81@example.net,6410965537
382,Christopher Ross,cwillis@example.net,3937371025
383,David Sanchez,rgriffin@example.org,8217719353
384,Penny Martinez,fischerlindsay@example.net,5821787821
385,Anthony Martin,michaellong@example.com,7495556368
386,Tiffany Maldonado,jonathanreed@example.org,8741726382
387,Bruce Smith,vjones@example.net,1127627436
388,David Luna,melanie07@example.com,8563161692
389,Dawn Thompson DDS,justin45@example.com,6078276982
390,Andrea Trevino,briantorres@example.com,9725139551
391,Kristen Dickerson,leah72@example.net,3180678828
392,Michael Foster,kathrynthomas@example.net,2776973751
393,Adrian Becker,walkerdaniel@example.net,9503872200
394,Lisa Whitehead,xjohnson@example.net,2426299382
395,Adam Miller,laurawilson@example.net,6048525528
396,Terry Crosby,brianabryant@example.org,8563723080
397,Ashley Martinez,cmccarthy@example.com,1391724947
398,Lindsey Robertson,taylorrobert@example.net,8923492455
399,Susan Taylor,ysmith@example.net,0172942392
400,Steven Cardenas,woodsandre@example.org,2853693201
401,Mrs. Kerry Torres,brownjohn@example.org,5397937287
402,Gary Cook,ryanfoley@example.com,1765339777
403,Adam Perkins,andrea95@example.com,9529190791
404,Jason Joseph,billmacdonald@example.net,5786463205
405,Kelsey Robinson,ialvarado@example.org,7853125422
406,Paula Watkins,kimberlycervantes@example.net,8550465166
407,Alex Brown,anthonyboyd@example.com,1744356596
408,Nicholas Townsend,reillyrichard@example.org,6342484777
409,Keith Jenkins,kimtucker@example.net,5199054957
410,Brianna Bell,sarahernandez@example.com,8779713147
411,Cheryl Baxter,courtney49@example.org,7236127434
412,Amy Rich,veronica24@example.org,8077784073
413,Jill Rodriguez,jeffersonsteven@example.org,9420747533
414,Sandra Riley,david21@example.net,5860769791
415,Joseph Wright,markirwin@example.com,8224893160
416,Sarah Miller,hgonzalez@example.net,7821467196
417,Donna Page,nbaker@example.com,3878401503
418,Louis Jacobs,durhamnancy@example.org,2103751286
419,Tracy Summers,sharon01@example.org,3649573861
420,Victor Jimenez,johnsonanthony@example.net,2247887246
421,Mark Johnson,rkelley@example.net,8727510035
422,Leslie Li,castrosteven@example.org,6315279110
423,Mckenzie Moore,careydawn@example.net,6318274494
424,Robert Figueroa,cedwards@example.com,4522869101
425,Zachary Holmes,amanda01@example.com,7502517369
426,Carrie Nichols,timothystewart@example.org,2461602529
427,Craig Mckay,guerratravis@example.org,7379544540
428,Kelsey Smith,kaitlin52@example.com,7436218040
429,Christina Thomas,qjackson@example.net,7192021076
430,Donna Freeman,andrewnguyen@example.org,2187970600
431,Courtney Adams,jacob86@example.org,3228707549
432,Jessica Mcclain,wschaefer@example.org,3187738015
433,Craig Blair PhD,warrenbird@example.org,6736776377
434,Tammy Nelson,cweber@example.org,6785681921
435,Patricia Jackson,sharpjeffrey@example.com,8091775442
436,Edward Perez DVM,lmack@example.com,2904351221
437,Steven Lynch,kristin51@example.com,7351595730
438,Daryl Mcconnell,holmesamy@example.com,3411644093
439,Holly Grant,gkennedy@example.org,7843744155
440,Michael Montoya,jacobday@example.org,6787827498
441,Elizabeth Welch,chavezdaniel@example.com,7192529823
442,Nicole Davis,trodriguez@example.net,2291104555
443,Jeffery Bailey,thomas35@example.com,1531500645
444,Crystal Cochran,zhansen@example.net,4161728779
445,Brandy Robinson,ijoseph@example.com,6639166888
446,Martin Davis,campbelllacey@example.org,0141119049
447,Michael Martin,uhanson@example.com,2855004020
448,Linda George,mary05@example.net,7036786355
449,David Carrillo,luistaylor@example.com,2451537144
450,Justin Davis,mosleydavid@example.com,5391044423
451,Audrey Smith,victor81@example.org,6403962998
452,Mr. Thomas Fisher,gabriel26@example.net,4627937676
453,Meghan Butler,hernandezcarrie@example.net,0529946951
454,Shannon Lin,aalexander@example.net,6159121857
455,Nicholas Salinas,annatorres@example.org,1962202533
456,Laura Sanders,walshjoann@example.com,2796635615
457,Luis Norton,gmarquez@example.net,9766951351
458,Jenna Lopez,ymcdonald@example.com,4849789878
459,Cheryl Ross,rsalazar@example.org,8559964279
460,Bruce Potts,kbryant@example.com,2259613056
461,Joseph Daniels,brandi40@example.com,0119037098
462,Teresa Hopkins,dfrank@example.org,2478334855
463,Kendra Maddox,kelleymichael@example.com,2885707556
464,Kurt Walker,aaron13@example.com,7380210580
465,Heather Todd,eric91@example.net,8459917807
466,Bradley Holmes,johnsonjill@example.com,6136483897
467,Christopher Norton,katrinamiller@example.com,2617658472
468,Valerie Gomez,gravesjeffrey@example.org,9836785961
469,Christopher Cruz,kcole@example.net,9963442422
470,William Ramos,ryanvargas@example.org,0796903045
471,Benjamin Morales,romerogeorge@example.org,7874155107
472,Shelia Matthews,erica42@example.net,2801518710
473,Kathryn Black,mcleandiana@example.net,7173257074
474,Matthew Walker,jessicamccoy@example.net,0608176409
475,Ryan Wilkins,bobby67@example.org,7454433751
476,Kaitlyn Goodwin,harpernicole@example.net,9874706603
477,Kelly Hunter,gabriel62@example.net,2247695264
478,Ryan Armstrong,lisabrown@example.com,2910286537
479,Adam Sexton,pricemichael@example.net,8834640017
480,Chad Heath,phillip80@example.org,9578804054
481,Jack Mitchell PhD,pwallace@example.org,0078732821
482,Chris Thompson,patrickjennifer@example.com,4155945315
483,Melissa Mitchell,ashley20@example.com,1162269410
484,Olivia Oliver,harrisonlinda@example.com,5892651392
485,Rachel Smith,devinpeck@example.net,4470635116
486,Antonio Nelson,michael86@example.net,4293094302
487,Joseph Roman,kimberly93@example.net,5529948321
488,Joseph Collins,perezmichele@example.org,7346328545
489,Kimberly Goodwin,lauralee@example.org,1676090665
490,Matthew Castillo,john49@example.net,1001200349
491,Traci Scott,loristevens@example.net,0604760265
492,John Sharp,monicasanchez@example.org,6876231427
493,Angela Bauer,candiceholt@example.net,0447587316
494,Krystal Foster,david66@example.com,4116149115
495,James Mclaughlin,vking@example.com,1751473767
496,Travis Brock,anthonymiller@example.org,2921671355
497,Erin Phillips,obrienjoseph@example.net,1061365670
498,Vickie Anderson,matthewmejia@example.org,3845570530
499,John Brown,natalie26@example.com,6031516283
500,Erin Taylor,erindelacruz@example.net,0546596289
501,Thomas Rosario,mcdowelllaura@example.net,2994497742
502,Carrie Bolton,amandasimpson@example.net,9868204412
503,Kevin Reed,jbarton@example.org,2788585688
504,Kelly Fitzgerald,andrewpark@example.org,9395779222
505,Rebecca Holland,kristinedwards@example.com,3460915769
506,Kenneth Mcintosh,lbarber@example.net,9705537728
507,Molly Smith,hendersonrobert@example.org,1980857015
508,Derrick Ward,ashley44@example.net,4670483209
509,Cory Ward,yhall@example.org,3437565032
510,Emily Ortiz,ugarcia@example.org,3845559704
511,Katherine Harris,christopherlowe@example.net,4911504605
512,Heather Davis,derek14@example.net,6913836130
513,Ashley Johnson,sarahenry@example.org,2905877659
514,Lori Anderson,jesussummers@example.com,4939126788
515,Robert Johnson,yrodriguez@example.com,6929306100
516,Mrs. Heather Nielsen,samuelserrano@example.org,3618175862
517,Tammy Williams,tmoon@example.com,0903993528
518,Megan Watts,edwardsmelissa@example.org,2096576011
519,Joshua Gregory,peggy68@example.org,8030201433
520,Kayla Davis,peter65@example.com,7292159452
521,Amy Barnes,fwright@example.net,4925677330
522,Christopher Cox,ashleyjackson@example.com,2729452587
523,Mary Lee,reedpatricia@example.com,7007925283
524,Angela Wilson,amyhernandez@example.org,7923124458
525,Steven Galloway,haroldmartinez@example.com,5168912472
526,Melissa Harris,floydjennifer@example.com,9404174056
527,Angela Dougherty DDS,iproctor@example.net,9508060899
528,Jasmin Frederick,daniel62@example.net,0049613781
529,Deborah Parker,matacathy@example.com,2354730383
530,Mariah Hudson,austinmccullough@example.com,6565012511
531,Stephanie Orr,kimjennifer@example.org,1867154939
532,Philip Morgan,ronniewiggins@example.org,2743578481
533,Carlos King,jerry05@example.org,8301192821
534,Chad Byrd,murphyjennifer@example.com,9903022122
535,Matthew Chavez,frank53@example.org,7155324027
536,Savannah Nichols,matthew30@example.org,8910327647
537,Erin Sanders,charlottescott@example.net,1221698007
538,Edward Little,wayne71@example.net,5589984102
539,Sean Lloyd,rogersmikayla@example.org,6962041830
540,Melissa Branch,adamhubbard@example.com,4205143757
541,Garrett Chandler,bkim@example.net,8252749463
542,Robert Odom,ronaldlewis@example.com,9656513452
543,Brandon Cochran,annaharper@example.org,9575985363
544,Katherine Lang,conleyjason@example.net,9595367822
545,Emily Morton,lestershawn@example.org,3631315756
546,Mark Oconnor,pkramer@example.org,5478477121
547,Denise Callahan,melindaholloway@example.com,1728780030
548,David Miranda,mary40@example.org,2792427050
549,Susan Bradley,andradechristy@example.org,6799049707
550,Nicole Ward,dyerpenny@example.net,0979750567
551,Kevin Stout,richard26@example.com,6751591422
552,Trevor Wise,joshuagarrett@example.net,6007089782
553,Rose Kelly,chelsey80@example.net,3232337752
554,Elizabeth Martin,deankevin@example.com,2971991964
555,Christine Andrade,mitchellemma@example.org,0387299044
556,Shawn Johnson,moneal@example.net,2029999981
557,Erica Lopez,delgadowilliam@example.net,5866721971
558,Rebecca Hernandez,drewherring@example.com,9477915146
559,Jennifer Crawford,rmeyer@example.org,5325443811
560,James Santiago,ifranklin@example.net,0269654207
561,Michael Ward,annawilliams@example.com,5199507206
562,Patrick Williams,elizabeth44@example.org,3901440699
563,Taylor Campbell,lsmith@example.org,5315120301
564,Jonathan Oliver,julian50@example.net,4456616033
565,John Long,obutler@example.net,9740333888
566,Juan Powers,paul55@example.org,1802598200
567,Jeffrey Rodgers,simmonstravis@example.com,3594793321
568,Brian Weiss,williamsjennifer@example.org,9675739875
569,April Williams,kimkayla@example.org,1799607073
570,James Burton,gadams@example.net,8371716707
571,Scott Key,kimberlyyoung@example.com,9038693899
572,Mary Cabrera,patricia79@example.net,7142243696
573,Crystal Parrish,daniel71@example.org,9382339907
574,Brooke Glover,smithcameron@example.com,9791260948
575,Jasmin Hart,rparker@example.net,7516358084
576,Terri Mata,nicholassullivan@example.com,1192104311
577,Rebecca Powers,stephanie08@example.net,1920135320
578,Gerald Williams,xrice@example.com,0104581867
579,Julie Black,emilyfowler@example.org,6222189490
580,Brittany Branch,ruizjeffrey@example.com,9515805344
581,Brandon Lowe,gonzalezkristy@example.com,3086255101
582,Sarah Williams,tuckeramy@example.net,8235595026
583,Drew Kim,simmonseric@example.net,1332397626
584,Sarah Howell,martinchad@example.org,6154585787
585,Katrina Brown,carrollcassandra@example.com,4040951153
586,John Berry,kathryn99@example.com,1112084305
587,Brian Williams,james18@example.com,7242726417
588,Angela Martinez,yrojas@example.org,8430788240
589,Randy Smith,powerschristina@example.org,0251183085
590,Austin Brown,amcintosh@example.org,6227420776
591,Chad Morales,paula84@example.com,0745141900
592,Willie Wilson,brivera@example.org,9088748901
593,Sheri White,williamsjennifer@example.org,9187646282
594,Michelle Kim,arthur14@example.net,3145441663
595,Erika Simon,daniel48@example.net,2325309986
596,Rebecca Hamilton,nsaunders@example.org,4127294038
597,Jared Anderson,zhenson@example.com,0682834860
598,Victor King,ywelch@example.com,2415639105
599,Jonathan Johnson,xmarsh@example.net,6818342102
600,Denise Solomon,fdouglas@example.org,1945459389
601,Michael Ramirez PhD,kimberly17@example.org,7517878702
602,John Johns,woodardlaura@example.com,9938534932
603,Laura Edwards,judith42@example.com,5842911357
604,Christopher Bowers,john77@example.net,1260223948
605,Tina Hill,michelemorgan@example.org,2028583761
606,Elizabeth Brown,claysarah@example.org,5344624596
607,Nancy Young,stephen02@example.org,5100046827
608,Michelle Thomas,robertporter@example.org,8856052534
609,Andrew Stein,kathleen88@example.com,8142909241
610,Thomas Lyons,jameshogan@example.net,5437472685
611,Cindy Fischer,alexandereric@example.net,4477975611
612,Blake Ross,amberdawson@example.com,3360340004
613,Jacob Harper,ugray@example.com,8568983166
614,Jacob Cook,courtney06@example.org,5897468655
615,John Gardner,adamchavez@example.net,9458039556
616,Frederick Thompson,tasha69@example.net,6456380583
617,Pamela Mcclain,robert47@example.com,5467899884
618,Linda Oneill,michaelclarke@example.org,1497919678
619,Larry Robinson,cookgeorge@example.net,1939065924
620,Rebecca Gilbert,justinperez@example.com,7431784737
621,Teresa May,jamesball@example.org,7247459607
622,Jennifer Christian,fkelly@example.com,9027634409
623,James Sosa,tmorgan@example.org,2423903031
624,James Chase,jbaldwin@example.org,0845718813
625,Miguel Sherman,smithhoward@example.org,9041192525
626,Gwendolyn Kirk,rickywatson@example.net,2274740108
627,Anthony Clayton,drose@example.com,6202499440
628,Ryan Solomon,othomas@example.com,2882847404
629,Jennifer Wright DDS,jesserobinson@example.com,4604254597
630,Benjamin Singh,coxmartin@example.com,5622284612
631,Candice Hines,zthompson@example.net,1868448801
632,Carly Kelly,victoria48@example.net,0203493467
633,David Nelson,mgilmore@example.com,3704085291
634,Kevin Hayes,fpollard@example.org,5760802882
635,Heather Mclean,george06@example.com,9384901042
636,Benjamin Adams,kennethromero@example.net,5025529214
637,Dennis Bush,hodgebethany@example.org,6546792564
638,Melissa Martinez,danielarnold@example.org,8877735510
639,Gina Wilson MD,reyessandra@example.net,7990950541
640,Taylor Weber,sarah14@example.org,0121704996
641,Jaime Parker,joeflores@example.net,2571919033
642,Samantha Hayes,austinstephanie@example.com,7797378137
643,Gary White,weavercynthia@example.org,0016815971
644,Diane Hardin,jose07@example.net,0656407835
645,Joseph Robinson,johnnoble@example.com,3909038591
646,Michael Jenkins,peterskaren@example.com,8989658297
647,Eric Ferguson,mannjustin@example.com,4512579580
648,Jose Lowery,bellelizabeth@example.com,9746514045
649,Carla Morgan,zsnyder@example.org,5546452909
650,Patricia Cooper,aruiz@example.com,8151217477
651,Tonya Martinez,georgeskinner@example.com,5440654074
652,Summer Lin,matthew63@example.com,0036990541
653,Joseph Espinoza,blake79@example.net,5462311030
654,Kelsey Scott,john84@example.net,2025498149
655,Nicole Taylor,kristine16@example.com,7386834182
656,John Wilson,evansims@example.net,7686293379
657,Paula Hoffman,ymorris@example.org,7571516435
658,Stacey Peterson,kmendoza@example.org,8080215051
659,Megan Werner,raven94@example.com,1565634052
660,Kenneth Reynolds,stewartdaniel@example.net,6007901340
661,Stephanie Fields,richmondpamela@example.com,9205782908
662,April Frederick,james73@example.net,6767784927
663,Ryan Lewis,westbrandon@example.net,9020091549
664,Hector Barnes,hughesjamie@example.org,5691468328
665,Theresa Shaw,tammythompson@example.com,8046092709
666,Kaylee Walker,robertsalexa@example.com,1426592201
667,Ashley Thompson,bclay@example.net,2765211642
668,Dustin Armstrong,barbaraacevedo@example.com,7870431515
669,Carrie Benson,lonnielucas@example.com,4143113914
670,Michelle Reid,xduke@example.net,4153603196
671,Frank Young,tiffanytaylor@example.org,5550565034
672,Mr. Tyler Cummings,ryan04@example.net,1865405799
673,Brian Zamora,melanie10@example.net,8236711365
674,Julia Wall,whernandez@example.org,4907793646
675,Allison Nelson,ssutton@example.com,6757844257
676,Lisa Morales,darren18@example.com,3023112559
677,Cody Chapman,spowers@example.org,3455709518
678,Renee Harris,whiteamy@example.com,5511772373
679,Judy Berry,harrismichael@example.org,9415095840
680,Jeffrey Thomas,williamweiss@example.org,9199253554
681,Jeff Tyler,gnguyen@example.org,6716953587
682,Olivia Gordon,avilajoshua@example.com,8115369124
683,Stacy Bowers,lori92@example.net,2851179647
684,Dustin Keller,lewiscaitlin@example.net,8729025926
685,Ashley Brandt,zbrown@example.org,3596973758
686,Dan Morris,saravega@example.net,9351726448
687,Nathaniel Lara,lford@example.org,0438846912
688,Wyatt White,williamhamilton@example.net,7032674160
689,Michael Castillo,henrykim@example.com,1389479329
690,James Davidson,nielsenmargaret@example.net,8641757753
691,Tyler Novak,bairdjennifer@example.net,7268551450
692,Kyle Simmons,shawn57@example.org,2225749100
693,Joseph Schneider,johnsonamber@example.net,8560212276
694,Zachary Fisher,jennafry@example.org,2384110100
695,Katie Garza,tylerlisa@example.net,1296637562
696,Mr. John Mitchell DDS,traceywatson@example.com,6449561847
697,Jonathon Smith,joe11@example.com,3649400561
698,Barry Cunningham,caleb66@example.com,3648131663
699,Steven Gray,kayla65@example.org,7499845651
700,Loretta Ingram,ballardjason@example.net,9903448234
701,Jacob Medina,roberttrevino@example.net,8864441141
702,Erika Simpson,alicia44@example.com,2281706820
703,Benjamin Padilla,joneskimberly@example.org,8373557817
704,Dr. Roy Moran,mjimenez@example.org,0578885523
705,Cynthia Phillips,rothwanda@example.net,2573012586
706,Lori Martinez,erinmayer@example.com,8158500847
707,Anna Bell,brendagibbs@example.com,4892009632
708,Nicholas Keller,williamsparks@example.net,9173627891
709,Charles Weaver,kelly20@example.org,5951629338
710,Christopher Clayton,ophillips@example.net,3822084701
711,Richard Foster,hernandezpenny@example.net,6917907770
712,Randall Higgins,dwayne80@example.com,7432925747
713,David Smith,avillarreal@example.org,2490478652
714,Joshua Harris,rachel33@example.net,2411566437
715,Diana Rodriguez,englishchristine@example.org,1786176172
716,Justin Rice,uwheeler@example.net,2500603021
717,Christopher Lewis,zwhite@example.com,8803937005
718,Taylor Diaz,tjohnson@example.net,8350557954
719,Scott Carlson,asandoval@example.com,8454636965
720,Aaron Randall,timothyjones@example.net,1415435773
721,Erika Archer,millermariah@example.org,7436932409
722,Julia Crane,zmartinez@example.com,0119732481
723,Mark Garcia,pamelabishop@example.com,8278138934
724,Sarah Franklin,wroman@example.net,9958245128
725,Diane Stanley,jacquelineboyd@example.com,6902934873
726,Marissa Thompson,paul01@example.net,0398135353
727,Kevin Webb,williamsdana@example.com,4746643951
728,Kenneth Thompson,katrina70@example.org,5714714682
729,Alexander Payne,smithcandace@example.net,1348950628
730,Jeremy Price,marc35@example.net,9830214876
731,Paul Ferguson,chrisjacobs@example.org,9637656933
732,Jodi Simmons,katie52@example.net,5781711143
733,David Hunt,braunronald@example.com,2921416966
734,Courtney Smith,timothy61@example.org,5627984743
735,Andrew Brown,stacie58@example.org,7394987470
736,Sandra Price,carolfleming@example.org,4806698705
737,Brooke Brown,sheenamartinez@example.com,1039323636
738,Jason Lane,lindabailey@example.org,8778011602
739,Theresa Kelly,kjensen@example.org,0424898318
740,Vanessa Wheeler,avillarreal@example.com,7496111095
741,Stephen Lang,frodriguez@example.org,9066500701
742,David King,davisbenjamin@example.net,9557372006
743,Clinton Alvarez,jspears@example.com,3059664699
744,Rachel Ramirez,johnsonjeffrey@example.org,4373719783
745,Ryan Powell,michael94@example.net,1536097179
746,Megan Rodriguez,colekatrina@example.com,7641315599
747,Danielle Dunn,nicholassantos@example.net,5466143195
748,Jason Raymond,acostamichael@example.com,5057202559
749,Bobby Hansen,lauradunn@example.org,4950634413
750,Jody Vaughn,maryjohnson@example.org,0558962669
751,Julia Nunez,bowenmatthew@example.com,1046043358
752,Haley Rios,paulriley@example.net,0181252269
753,Megan Herman,omiller@example.com,4254029426
754,Lisa Carrillo,atkinsoneric@example.net,4215554753
755,Mrs. Kayla Brown DDS,sheryl74@example.org,1720637720
756,Angelica Colon,matthewmartinez@example.org,1149781465
757,Joshua Ayers,bethany74@example.net,2617103109
758,Jamie Johnston,wattsbrooke@example.com,5125015847
759,Colleen Mack,efox@example.com,7728435318
760,Ashley Davis,lanemitchell@example.org,5913047191
761,Brittany Lopez,cynthiawilliams@example.com,7555582325
762,Tammy Lyons,jamesshannon@example.org,1269625723
763,Taylor Knight,gina91@example.org,1978180387
764,Sean Alvarado,gmartinez@example.net,2744686332
765,Amanda Lewis,scott22@example.org,7134962918
766,Walter Davenport,amandarodriguez@example.net,4468226517
767,Mary Martinez,christopher61@example.org,3716894731
768,Mitchell Miller,jefferymcclure@example.org,8166164112
769,Melissa Hernandez,brownjames@example.net,5845576348
770,Roy Miles,estradakelsey@example.com,3128767708
771,Timothy Frank,milessamuel@example.com,9381595685
772,Richard Roberson,michael72@example.com,7872489066
773,Michael Lambert,kmcdaniel@example.org,2582066832
774,Deborah Dean,xfleming@example.net,4409606483
775,Lisa Hurst,thomaskristin@example.org,7368118273
776,Mary Chen,ndickerson@example.com,4584875799
777,Travis Orozco,bushcheryl@example.org,5923898598
778,Laurie Lloyd,martineztristan@example.com,2498412893
779,Shannon Cortez,paula28@example.com,9817185983
780,William Skinner,roger93@example.org,4814219062
781,Bryan Bates,lisa48@example.com,7746473497
782,Harry Cervantes,uhernandez@example.com,5289213256
783,Andrea Ferguson,cpowell@example.com,2303467330
784,Amanda Mitchell,wilsonashley@example.com,3069428464
785,Peter Jensen,rosaleschristopher@example.com,0271061079
786,Rachel Cooper,zshea@example.org,4848515694
787,Haley Martin,jeremy44@example.com,2006479017
788,Lynn Ward,william95@example.org,2121054951
789,Brian Simpson,lauradunn@example.net,2313743457
790,Gabriel Cuevas,matthew94@example.org,5428283117
791,Christopher Roth,jamesphillips@example.com,3657600216
792,Rebecca Short,ubrown@example.net,9212157963
793,Jason Singh,ashleyrowe@example.net,5313411362
794,Edward Patterson,katie85@example.com,7133435215
795,Adriana Quinn,alexandramills@example.net,4164052610
796,Mia Coleman,donald58@example.net,0839088836
797,Damon Jones,nkeith@example.net,2456660504
798,Cynthia Patel,stacey35@example.org,3471595679
799,Amanda Wolfe,caldwellmichael@example.org,5046868111
800,Jason Bean,hurstchristopher@example.org,2580824576
801,Christopher Garcia,heidi37@example.com,7695737283
802,Stephen Rose,alexismcdonald@example.org,7560216102
803,Kelsey Bailey,amydougherty@example.com,4507191232
804,Cassandra Brown,joshua60@example.org,1663860637
805,Erin Mccann,millersarah@example.com,8597603049
806,Stephanie Davis,philipli@example.net,4671104704
807,Keith Obrien,onewman@example.org,7599493767
808,James Wheeler,jwilliams@example.com,3995879686
809,Carol Robinson,karen14@example.com,6948449632
810,Miguel Parker,obrienheather@example.org,7929282793
811,Beth Leonard,christopher31@example.net,5730127700
812,Jerry Brown,miguelbooker@example.com,9740218429
813,Jasmine Ferguson,ashleyhuang@example.com,4905545099
814,Jodi Whitaker,cody35@example.com,4374002402
815,Timothy Nichols,hdavis@example.net,3474374237
816,Jeffrey Gonzalez,lshields@example.com,1036669911
817,Aaron Williams,patrickmorris@example.org,6839732258
818,Henry Lester,hayneschad@example.net,5524702065
819,Thomas Murphy,patriciagarza@example.net,9783552957
820,Sharon Myers,seth81@example.com,5022722515
821,Edward Clark,maureensmith@example.net,6751900617
822,Adam Hood,perrybrian@example.com,4316438357
823,Brenda Wright,wellsjeffrey@example.org,8529301309
824,John Dean,ivanmay@example.com,6896587726
825,Brittney Stafford,flamb@example.net,7367986155
826,Scott Wilson,clementscarrie@example.org,6568856921
827,Beth Patel,lewisgeoffrey@example.org,2382398487
828,William Jones,lynchedward@example.net,1705985556
829,Ashley Price,sparksdaniel@example.net,1213740006
830,Kimberly Cobb,albert97@example.com,6242613323
831,Jason Scott,durhamdaryl@example.net,2580566871
832,Michael Morales,maxwellsamantha@example.com,4528065522
833,Lori Lewis,alan87@example.net,9379148948
834,Danielle Lindsey,ballardchristopher@example.org,2198738730
835,Carol Strickland,johnstonscott@example.com,5520845928
836,Tristan Smith,laneyolanda@example.net,7458714735
837,Brian Acosta,vramirez@example.com,5445594175
838,Samantha Gonzales,victoriamitchell@example.net,1262711501
839,Angela Gordon,robertsstephen@example.net,5975218543
840,David Boyd,iunderwood@example.org,2876424370
841,Teresa Rivera,batkinson@example.net,9987618471
842,Angel Thompson,davidwagner@example.com,6309371214
843,Roy Rogers,bridgetmorales@example.com,8088604794
844,Joshua Russell,djenkins@example.org,1294100245
845,Christopher Anderson,hallantonio@example.net,3864429371
846,Donna Roberts,stevenvazquez@example.org,5889983095
847,David Howard,theresa98@example.net,8532714044
848,Michael Mooney,benjamin39@example.com,9356135035
849,Barry Powell,johnramirez@example.net,5535477900
850,Michael Murray,fsampson@example.net,5714045474
851,Paul Osborne,elizabeth48@example.org,5653807896
852,Stephen Mccormick,beardkenneth@example.net,3235900853
853,Philip Montgomery,zmoore@example.org,9806733999
854,Stephanie Bennett,kimberlyjenkins@example.net,1249773581
855,Veronica Anderson,benjamin26@example.net,0036079328
856,Jonathan Gregory,christopher29@example.net,3785513109
857,Troy Bowers,megan56@example.net,7705594227
858,Patricia Wilson,kfox@example.org,3276506967
859,Victoria Jones,michelle67@example.com,6368184432
860,Andrea Sanchez,christine19@example.net,3468055208
861,Kyle Terry,michaelreilly@example.org,1947045718
862,Jackie Brown,ramirezcameron@example.com,6782925501
863,Tammy Phillips,charleswilliams@example.net,1509516790
864,Brendan Rosales,tracyreilly@example.com,6939911021
865,Ariel Martin,belinda60@example.org,2646509440
866,Douglas Pierce,loricooper@example.com,2009929429
867,Sharon Nash,uallison@example.com,3629195762
868,Eric Myers,emilyferguson@example.org,8863824065
869,Casey Compton,donnagross@example.com,8360812535
870,George Charles,angelahall@example.com,2251903788
871,Christian Jones,richardmoore@example.net,6814715182
872,Brian Jones,bradynicole@example.com,2125557991
873,Brittney Rodgers,john06@example.org,3387930197
874,Courtney Wiggins,jsmith@example.net,3880859962
875,Yvonne Marsh,prestonburke@example.org,0389246815
876,Victoria Randall,cindy99@example.com,8903123095
877,Charles Mckenzie,hammondmary@example.org,1082031661
878,Amber Smith,alexanderbrown@example.org,1226386542
879,Michael Martin,william39@example.org,0020269127
880,Dr. Jeremy Flores Jr.,joannmartinez@example.net,3820454561
881,Jessica Shea,oedwards@example.net,6714226793
882,Aaron Neal,james33@example.com,6375626020
883,Mrs. Jordan Mcdowell DVM,judywhite@example.com,9605354785
884,John Bauer,christopherpeterson@example.net,4126321147
885,Dennis Hudson,michaelblair@example.net,4158600004
886,Karen Brown,heatherolson@example.net,9785646009
887,Lori Klein,whensley@example.com,6293753353
888,Sharon Walker,steven83@example.org,8009691363
889,April Gutierrez,richardlong@example.net,2172014460
890,Sean Weber,ronaldsmith@example.net,0938290314
891,Charles Jacobs,whitenatalie@example.com,5172860922
892,Samuel Mcgee,mthomas@example.org,0700962806
893,Gerald Mccoy,wanda37@example.org,0709716700
894,James Donaldson,juliabishop@example.net,8370688330
895,Matthew Moore,jessicawilliams@example.org,2638919778
896,Edward Cunningham,pamela72@example.net,0785101323
897,Jacob Hudson,brandon21@example.net,9341990491
898,Adam Townsend,lancemiller@example.net,1396055618
899,Stephen Dawson,wilkinschristopher@example.org,9598317481
900,Jennifer Arroyo,codylowe@example.net,5218012948
901,Beth Kemp,peterjohnson@example.org,9424281780
902,John Bond,hsmall@example.org,0213753136
903,Kristi Brown,nathanmason@example.org,9775188981
904,Brian Johnson,joneslisa@example.org,7042179884
905,Christian Baker,hannah18@example.net,8532593192
906,Krystal Richardson,ttaylor@example.net,7856181910
907,Sarah Jacobs,jodi59@example.net,2102732093
908,Victor Dyer,snyderheather@example.org,3074650308
909,Barry Williams,daniel95@example.org,4619678468
910,Leroy Spencer,gonzalezstephanie@example.org,0341130217
911,Sean Harrison,taylorrebecca@example.net,4700726237
912,Sue White,john44@example.org,1502602066
913,David Martin,whitedebbie@example.org,7003733264
914,Michael Collins,daniel44@example.net,3635434080
915,Thomas Mason,villabarbara@example.net,2607882790
916,Kelly Richards,melissawilliams@example.net,8765258935
917,Kristy Johnson,ana11@example.com,0658270680
918,John Page DDS,amber47@example.net,8403531496
919,Karen Shaw,charlesochoa@example.org,0786563127
920,Megan Ramirez,gina12@example.org,8658116550
921,Laurie Blair,xmcfarland@example.com,5582852251
922,Melissa Glass,aaronrojas@example.org,5184942045
923,Judy Smith,fmora@example.net,3874050360
924,Holly Taylor,reginald53@example.net,3492024567
925,Brittany Cain,loganjennifer@example.com,3134858532
926,Samantha Leach,kstevenson@example.net,1302740851
927,Michelle Rivera,lpayne@example.net,3413797231
928,Michael Ramos,kgriffin@example.org,5098428834
929,Gregory Long,lorivance@example.net,7035692794
930,Anthony Pineda,cheryl08@example.net,2130722365
931,James Cannon,angela44@example.com,7482213078
932,John Ibarra,lopezseth@example.com,4864672539
933,Grant Long,joshuawest@example.com,6371041779
934,Samantha Rogers,twarren@example.com,1950694130
935,Lori Jones,david21@example.org,0367135320
936,Aaron Jackson,erinbaker@example.net,6505543614
937,Kelli Barry,aprilgordon@example.net,2854497489
938,Samantha Singh,cgardner@example.com,5621265237
939,Kristen Butler,steven24@example.com,6235701414
940,Carlos Barnett,kingmelissa@example.org,4696695558
941,Brandon Mcdonald,bkennedy@example.org,1645267115
942,Jenna Williams,mccarthyapril@example.net,9613606650
943,Crystal Ali,daniel63@example.org,4362833538
944,William Walls,frederickmichelle@example.org,2874096920
945,Monica Price,matthew19@example.net,7732368980
946,Brittany Rhodes,wvazquez@example.com,3845931056
947,Jennifer Gonzalez,mcguiredaniel@example.org,1656865376
948,Robin Lewis,roberthorton@example.com,8164041627
949,Dustin Hull,ldavis@example.org,9488066539
950,Renee Santana,rodriguezaaron@example.com,1570447109
951,Jacqueline Kane,cespinoza@example.org,8435556420
952,Nicole Henderson,carly35@example.net,1823827188
953,Meagan Phillips,robertdunn@example.org,4336335207
954,Jose Holden,wlopez@example.org,7579246166
955,Patricia Durham,michael29@example.net,8040767337
956,Joseph Aguilar,william34@example.net,8422577709
957,Mary Brennan,jonesmatthew@example.net,4057808970
958,Paul Ortiz,tapiasherry@example.net,9631503196
959,Ann Black,jacobjordan@example.net,8622080198
960,David Acosta,jonathan74@example.org,0442907568
961,Jason Hill,contreraswilliam@example.org,5865393586
962,Jill Franklin,glewis@example.com,1003188507
963,Mark Fox,emily03@example.org,0549216371
964,Tina Cross,xnorton@example.org,8388529311
965,Rachel Gay,petersonmorgan@example.net,4422126545
966,Janet Chase,hallchristopher@example.net,6228074040
967,Whitney Ross,natalie95@example.net,7397359388
968,Bethany West,chenkathryn@example.org,6522519801
969,Mr. Johnathan Prince,william02@example.com,8949088278
970,Jordan Lee,michaelhicks@example.net,4560416477
971,Nicole Silva,ihunt@example.org,7432949853
972,Richard Lee,maldonadodawn@example.com,2184895796
973,Lacey Meyer,tiffany65@example.net,3710651796
974,Brooke Fisher,hcruz@example.net,2864709715
975,Kenneth Ortiz,james53@example.org,1470367543
976,Joshua Smith,john41@example.com,2995120449
977,Amy Taylor,sharpkevin@example.org,0702555149
978,Cassandra Sawyer,jonesdavid@example.org,4617969646
979,Jeffrey Baxter,howardtiffany@example.org,0005227523
980,Lori Nguyen,pnovak@example.com,4919317560
981,Diana Greer,stephanie35@example.net,4567322301
982,Matthew Smith,bruce36@example.org,5616092495
983,Michael Hays,murraykaren@example.com,2788567763
984,Courtney Webb,murphykathryn@example.com,6107052525
985,Mario Ferguson,danielgarrett@example.com,2170358020
986,Amanda Giles,david40@example.org,6565692732
987,Kyle Andrews,crystalflores@example.org,4661656627
988,Randy Smith,bsmith@example.net,7014548905
989,John Miller,nashjennifer@example.net,4140449236
990,Paul Pena,wendy39@example.net,1308772436
991,Jennifer Roth,jillcox@example.org,5345223868
992,Jeffrey Price,flynntracy@example.net,3823300723
993,Paul Reese,douglashoward@example.net,8869525167
994,Lisa Baker,xkeith@example.com,6051440951
995,Joshua Joyce,kevin82@example.org,0737419919
996,Rachel Cooper,fnguyen@example.org,1844804856
997,Eileen Powell,shariwallace@example.net,2446863200
998,Jessica Johnson,williamserica@example.net,2171303377
999,Stephanie Pierce,ucox@example.com,0976243452
1000,Mark Mcgee,tjackson@example.net,7852969160
